timestamp	branch	intent	approach	quality_score	tests	lint	security	types	complexity	coverage	architecture	status	description
2026-03-26T13:00Z	main	1.1-security-audit	standard	92	35	15	15	10	10	0	7	keep	Sanitized AUTOMATION-SETUP.md (11 findings), hardened .gitignore, added gitleaks CI, enhanced .env.example. 1271 tests pass.
2026-03-26T15:10Z	main	1.2-readme-docs	standard	95	35	15	15	10	10	0	10	keep	Rewrote README.md (badges+hero+FABRIC), created LICENSE (BSL 1.1), QUICKSTART.md, docs/architecture.md, updated CONTRIBUTING.md. 1271 tests pass.
2026-03-26T15:15Z	main	1.3-docker-deploy	standard	90	35	15	10	10	10	0	10	keep	Created docker-compose.prod.yml (resource limits, security opts, logging), .dockerignore, fixed healthcheck syntax. Both compose files validate. 1271 tests pass.
2026-03-26T15:25Z	main	2.1-agent-persona	standard	95	35	15	15	10	10	0	10	keep	Created persona.py (AgentPersona model + YAML loader + prompt formatter), 3 sample personas, updated builder.py with persona layer. 26 new tests, 1297 total pass.
2026-03-26T15:30Z	main	2.2-goal-injection	standard	95	35	15	15	10	10	0	10	keep	Created goal.py (load_goal + goal_to_prompt), integrated into builder.py, 2 sample GOAL.md templates. 15 new tests, 1312 total pass.
2026-03-26T15:35Z	main	2.3-session-brief	standard	95	35	15	15	10	10	0	10	keep	Created brief.py (generate_session_brief + session caching), 21 new tests. 1333 total pass. Phase 2 complete.
2026-03-26T15:40Z	main	3.1-approval-primitive	iterative	95	35	15	15	10	10	0	10	keep	Created approval.py (ApprovalTool + ApprovalStore + 3 actions), migration v3, registry update. 28 new tests, 1361 total pass.
2026-03-26T16:00Z	main	3.2-tool-gating	standard	95	35	15	15	10	10	0	10	keep	Created gating.py (gate_tools_for_persona + check_tool_access). 17 new tests pass.
2026-03-26T16:10Z	main	3.3-brand-profile	standard	95	35	15	15	10	10	0	10	keep	Created brand.py (BrandProfile + loader + prompt), 2 brand templates, builder integration. 16 new tests, 1394 total pass. Phase 3 complete.
2026-03-26T16:30Z	main	4.1-messaging-bus	iterative	95	35	15	15	10	10	0	10	keep	Created messaging.py (MessageTool + MessageStore + offline queuing + channels), migration v4 (4 tables), registry update. 28 new tests pass.
2026-03-26T16:40Z	main	4.2-eval-harness	standard	95	35	15	15	10	10	0	10	keep	Created eval/harness.py (EvalCase + EvalSuite + EvalRunner + scorer), 2 sample suites. 22 new tests pass.
2026-03-26T16:50Z	main	4.3-template-marketplace	standard	95	35	15	15	10	10	0	10	keep	Created templates/marketplace.py (TemplateManifest + validator + installer + registry). 16 new tests, 1460 total pass. Phase 4 complete.
2026-03-26T17:10Z	main	5.1-integration-wiring	standard	95	35	15	15	10	10	0	10	keep	Created tests/integration/test_full_workflow.py â€” 12 cross-feature integration tests (personaâ†’goalâ†’gatingâ†’approvalâ†’messagingâ†’templateâ†’eval).
2026-03-26T17:20Z	main	5.2-production-hardening	standard	95	35	15	15	10	10	0	10	keep	Created tests/integration/test_production_hardening.py â€” 13 tests (concurrent sessions, DB indexes, error recovery, memory safety, migration completeness).
2026-03-26T17:30Z	main	5.3-launch-checklist	standard	95	35	15	15	10	10	0	10	keep	Created tests/integration/test_launch_checklist.py â€” 20 tests (file existence, module imports, feature inventory, schema version). 1505 total pass. All phases complete.
